query,network_distribution,runtime
q46-v1.4,A,62.906479188
q46-v1.4,A,68.53609221500001
q46-v1.4,A,62.755934868999994
q46-v1.4,A,96.939511812
q46-v1.4,A,63.277099723
q46-v1.4,A,65.63159818400001
q46-v1.4,A,73.88555305
q46-v1.4,A,61.945582019999996
q46-v1.4,A,69.358275002
q46-v1.4,A,52.22121208800001
q46-v1.4,A,53.094382115
q46-v1.4,A,57.049979891999996
q46-v1.4,A,80.68273010000001
q46-v1.4,A,62.997912083
q46-v1.4,A,57.465231588
q46-v1.4,A,85.553395198
q46-v1.4,A,56.547721786000004
q46-v1.4,A,76.76931700899999
q46-v1.4,A,71.462357133
q46-v1.4,A,53.706156658999994
q46-v1.4,A,61.80884459
q46-v1.4,A,73.459005082
q46-v1.4,A,64.928672363
q46-v1.4,A,52.887001215
q46-v1.4,A,61.192356929
q46-v1.4,A,58.325303907999995
q46-v1.4,A,72.044156924
q46-v1.4,A,66.526628505
q46-v1.4,A,65.089908497
q46-v1.4,A,67.194918778
q46-v1.4,A,54.61901843000001
q46-v1.4,A,61.093871889
q46-v1.4,A,64.642799972
q46-v1.4,A,53.94860006599999
q46-v1.4,A,63.155563289
q46-v1.4,A,69.243106553
q46-v1.4,A,57.513355182
q46-v1.4,A,75.165184789
q46-v1.4,A,56.898866926
q46-v1.4,A,67.489993061
q46-v1.4,A,66.133297276
q46-v1.4,A,47.98146355399999
q46-v1.4,A,95.138166438
q46-v1.4,A,107.834995804
q46-v1.4,A,65.02426681099999
q46-v1.4,A,51.228593968
q46-v1.4,A,64.395991387
q46-v1.4,A,64.60355084999999
q46-v1.4,A,71.403036748
q46-v1.4,A,64.459745139
q46-v1.4,B,32.573361709000004
q46-v1.4,B,30.10204094
q46-v1.4,B,31.567106674999998
q46-v1.4,B,27.788355688
q46-v1.4,B,25.946383264
q46-v1.4,B,32.207305055999996
q46-v1.4,B,28.750348639
q46-v1.4,B,25.601587527000003
q46-v1.4,B,28.051953377
q46-v1.4,B,29.269346829000003
q46-v1.4,B,25.230457158
q46-v1.4,B,26.998302758
q46-v1.4,B,26.704807443999997
q46-v1.4,B,28.251054386
q46-v1.4,B,30.379887196000002
q46-v1.4,B,24.298686276000005
q46-v1.4,B,28.685287674
q46-v1.4,B,25.146213833999997
q46-v1.4,B,26.764520317
q46-v1.4,B,28.468967221
q46-v1.4,B,30.877356355
q46-v1.4,B,26.843915733000003
q46-v1.4,B,26.753249197000002
q46-v1.4,B,27.823288629000004
q46-v1.4,B,27.805114982
q46-v1.4,B,28.078882703
q46-v1.4,B,29.453548650000002
q46-v1.4,B,29.211386333000004
q46-v1.4,B,24.091851196
q46-v1.4,B,24.473146139999997
q46-v1.4,B,28.012865343
q46-v1.4,B,27.603393895
q46-v1.4,B,33.662243962999995
q46-v1.4,B,28.145506939
q46-v1.4,B,26.971293298
q46-v1.4,B,24.372135090000004
q46-v1.4,B,26.051773047
q46-v1.4,B,30.982461162
q46-v1.4,B,26.954664135
q46-v1.4,B,26.226322136000004
q46-v1.4,B,29.29481641
q46-v1.4,B,28.707803109
q46-v1.4,B,26.902033169000003
q46-v1.4,B,25.13788774
q46-v1.4,B,24.785629844
q46-v1.4,B,27.913733043
q46-v1.4,B,27.663388624
q46-v1.4,B,27.508573241999997
q46-v1.4,B,23.898629056999997
q46-v1.4,B,27.291679585
q46-v1.4,C,25.257764393000002
q46-v1.4,C,23.003797595000005
q46-v1.4,C,20.020951545000003
q46-v1.4,C,23.196188667
q46-v1.4,C,19.618934924999998
q46-v1.4,C,19.610157723
q46-v1.4,C,19.542067088
q46-v1.4,C,21.597821539
q46-v1.4,C,21.136558074
q46-v1.4,C,19.398555925999997
q46-v1.4,C,19.542055262999998
q46-v1.4,C,20.956386076999998
q46-v1.4,C,20.175430946
q46-v1.4,C,20.462781730000003
q46-v1.4,C,18.869080520000008
q46-v1.4,C,20.791045386
q46-v1.4,C,21.588559622000002
q46-v1.4,C,20.830823396
q46-v1.4,C,22.393417551
q46-v1.4,C,19.710693306000003
q46-v1.4,C,21.473289254999997
q46-v1.4,C,21.569632563
q46-v1.4,C,19.308807905000002
q46-v1.4,C,22.115646527
q46-v1.4,C,20.637419406999996
q46-v1.4,C,19.929669916
q46-v1.4,C,19.594393789
q46-v1.4,C,20.566007511999995
q46-v1.4,C,21.072822242999997
q46-v1.4,C,20.767045589000002
q46-v1.4,C,20.619739759999998
q46-v1.4,C,20.060089406
q46-v1.4,C,19.913658928
q46-v1.4,C,21.353786012
q46-v1.4,C,22.649180891
q46-v1.4,C,21.474804601999995
q46-v1.4,C,22.281008092
q46-v1.4,C,22.437255418999996
q46-v1.4,C,19.530001873000003
q46-v1.4,C,23.045570431999998
q46-v1.4,C,20.786717351
q46-v1.4,C,21.166050595999998
q46-v1.4,C,21.82754633
q46-v1.4,C,20.090785444999998
q46-v1.4,C,20.232359672999998
q46-v1.4,C,21.238617692
q46-v1.4,C,22.853378412
q46-v1.4,C,22.89728972
q46-v1.4,C,20.687012931
q46-v1.4,C,21.604075415000004
q46-v1.4,D,77.98019376099998
q46-v1.4,D,85.11508195399999
q46-v1.4,D,80.53091668199998
q46-v1.4,D,70.828938441
q46-v1.4,D,73.915648147
q46-v1.4,D,77.552011179
q46-v1.4,D,76.155272294
q46-v1.4,D,74.39891063200001
q46-v1.4,D,80.802899716
q46-v1.4,D,71.07062394899998
q46-v1.4,D,79.608231019
q46-v1.4,D,79.67108333200001
q46-v1.4,D,80.055714907
q46-v1.4,D,77.06584585700001
q46-v1.4,D,83.68477905
q46-v1.4,D,71.39403767
q46-v1.4,D,78.182996527
q46-v1.4,D,78.86410698200002
q46-v1.4,D,81.594802658
q46-v1.4,D,87.216879963
q46-v1.4,D,93.220406434
q46-v1.4,D,83.12029160999998
q46-v1.4,D,69.146199577
q46-v1.4,D,75.375240587
q46-v1.4,D,72.09407387799997
q46-v1.4,D,77.277234375
q46-v1.4,D,78.822253117
q46-v1.4,D,72.92178933399998
q46-v1.4,D,74.25033238699999
q46-v1.4,D,85.44527769799998
q46-v1.4,D,81.80914956000002
q46-v1.4,D,70.351925572
q46-v1.4,D,80.323074323
q46-v1.4,D,83.71481205299999
q46-v1.4,D,81.30095494600002
q46-v1.4,D,78.405965223
q46-v1.4,D,76.590317726
q46-v1.4,D,87.62439970999999
q46-v1.4,D,89.86482162
q46-v1.4,D,85.35996761999999
q46-v1.4,D,82.368748374
q46-v1.4,D,74.34338654400001
q46-v1.4,D,78.30336942299999
q46-v1.4,D,84.717100718
q46-v1.4,D,95.61017454999998
q46-v1.4,D,76.65712625799999
q46-v1.4,D,68.35834189299999
q46-v1.4,D,78.60787707499999
q46-v1.4,D,85.43544610699999
q46-v1.4,D,69.60246866500002
q46-v1.4,E,26.640717636
q46-v1.4,E,21.240538933
q46-v1.4,E,19.874123102000002
q46-v1.4,E,19.366738662
q46-v1.4,E,20.906949847
q46-v1.4,E,18.284944534999998
q46-v1.4,E,20.610211897000003
q46-v1.4,E,21.445297222
q46-v1.4,E,30.647700809000003
q46-v1.4,E,20.509041415000002
q46-v1.4,E,20.004130567
q46-v1.4,E,19.10111065
q46-v1.4,E,20.013404840000003
q46-v1.4,E,19.580333608
q46-v1.4,E,20.345720505000006
q46-v1.4,E,20.258678091999997
q46-v1.4,E,21.426668915999997
q46-v1.4,E,21.945170576999995
q46-v1.4,E,22.083684385000005
q46-v1.4,E,23.211116087
q46-v1.4,E,20.754500704999998
q46-v1.4,E,18.912652985
q46-v1.4,E,20.476511987
q46-v1.4,E,19.802679389000005
q46-v1.4,E,20.965812449999998
q46-v1.4,E,19.59468358
q46-v1.4,E,19.749904883000003
q46-v1.4,E,20.666804397000003
q46-v1.4,E,21.112291331000005
q46-v1.4,E,21.588319653
q46-v1.4,E,19.975684666
q46-v1.4,E,20.988667048
q46-v1.4,E,20.450743228
q46-v1.4,E,20.176332753000004
q46-v1.4,E,20.070933698999994
q46-v1.4,E,21.099693025
q46-v1.4,E,21.631062936
q46-v1.4,E,20.514093103000004
q46-v1.4,E,19.796284044999997
q46-v1.4,E,22.315262763000007
q46-v1.4,E,19.927600329
q46-v1.4,E,20.401831514
q46-v1.4,E,20.026492341
q46-v1.4,E,20.084179012000003
q46-v1.4,E,20.02617084
q46-v1.4,E,19.898596057
q46-v1.4,E,19.525866516999997
q46-v1.4,E,20.556442604
q46-v1.4,E,20.232416791
q46-v1.4,E,19.9325586
q46-v1.4,F,26.942971283000002
q46-v1.4,F,23.70160023
q46-v1.4,F,30.037071001
q46-v1.4,F,23.421579149
q46-v1.4,F,21.422829890000006
q46-v1.4,F,23.903069779000003
q46-v1.4,F,31.782460999999998
q46-v1.4,F,23.564567887000003
q46-v1.4,F,26.745360559
q46-v1.4,F,25.248465352
q46-v1.4,F,26.150140826999998
q46-v1.4,F,21.54644558899999
q46-v1.4,F,28.334093767000002
q46-v1.4,F,25.867698568000005
q46-v1.4,F,27.156823122000002
q46-v1.4,F,33.386233074
q46-v1.4,F,27.107545206999998
q46-v1.4,F,26.802337310000002
q46-v1.4,F,22.60937355
q46-v1.4,F,25.566425196
q46-v1.4,F,28.574888552
q46-v1.4,F,25.708151917000002
q46-v1.4,F,25.638245543
q46-v1.4,F,26.403914450000006
q46-v1.4,F,25.965938227
q46-v1.4,F,26.331291525
q46-v1.4,F,22.745392522
q46-v1.4,F,26.937645748999998
q46-v1.4,F,26.117470473
q46-v1.4,F,23.502160697
q46-v1.4,F,25.842780336
q46-v1.4,F,23.243091552000003
q46-v1.4,F,28.487443676999998
q46-v1.4,F,26.847148537000002
q46-v1.4,F,23.996726080000002
q46-v1.4,F,23.715705504000002
q46-v1.4,F,23.282541732999995
q46-v1.4,F,23.355721367
q46-v1.4,F,26.148347517999998
q46-v1.4,F,27.522920812
q46-v1.4,F,22.286516182
q46-v1.4,F,25.724193248
q46-v1.4,F,27.301387945
q46-v1.4,F,26.342903708999998
q46-v1.4,F,31.278394657
q46-v1.4,F,26.555552033999998
q46-v1.4,F,25.726261629999996
q46-v1.4,F,29.359267142
q46-v1.4,F,26.121010442
q46-v1.4,F,26.071927730999995
q46-v1.4,G,33.66603256
q46-v1.4,G,28.617578332999997
q46-v1.4,G,29.323728229
q46-v1.4,G,28.396006211000003
q46-v1.4,G,31.054990477
q46-v1.4,G,33.504629355000006
q46-v1.4,G,29.651205731
q46-v1.4,G,26.196103997
q46-v1.4,G,28.531700911999998
q46-v1.4,G,27.503862925999996
q46-v1.4,G,29.553467167999994
q46-v1.4,G,28.809240148
q46-v1.4,G,28.733635043
q46-v1.4,G,29.169199005
q46-v1.4,G,29.300420519
q46-v1.4,G,28.503687704
q46-v1.4,G,29.447970068
q46-v1.4,G,29.191149717
q46-v1.4,G,29.342543194
q46-v1.4,G,30.501179731
q46-v1.4,G,28.636524580999996
q46-v1.4,G,38.55408347200001
q46-v1.4,G,31.142221282999998
q46-v1.4,G,28.612300927999996
q46-v1.4,G,32.658425759
q46-v1.4,G,28.163455246
q46-v1.4,G,28.984343219
q46-v1.4,G,27.653339074999998
q46-v1.4,G,28.940332178000002
q46-v1.4,G,29.629297150000006
q46-v1.4,G,29.219929912999998
q46-v1.4,G,28.035559032000002
q46-v1.4,G,32.20644588099999
q46-v1.4,G,28.975137466
q46-v1.4,G,30.460718409
q46-v1.4,G,30.762062189999998
q46-v1.4,G,30.91414473
q46-v1.4,G,27.716866357000004
q46-v1.4,G,27.648069426000003
q46-v1.4,G,28.549453211999996
q46-v1.4,G,28.728315789999996
q46-v1.4,G,28.987303173000004
q46-v1.4,G,30.756424717999998
q46-v1.4,G,29.855076608999997
q46-v1.4,G,27.512324043000003
q46-v1.4,G,30.706995705
q46-v1.4,G,31.989186496
q46-v1.4,G,27.191645487000002
q46-v1.4,G,26.629377326
q46-v1.4,G,33.503520814999995
q46-v1.4,H,35.969451326999994
q46-v1.4,H,38.48474463200001
q46-v1.4,H,29.193860848
q46-v1.4,H,37.447304934
q46-v1.4,H,45.059067612999996
q46-v1.4,H,34.063812287
q46-v1.4,H,40.25072652600001
q46-v1.4,H,39.051503059
q46-v1.4,H,32.162884743999996
q46-v1.4,H,32.481391826999996
q46-v1.4,H,29.622753084000003
q46-v1.4,H,33.710344084
q46-v1.4,H,37.170533846
q46-v1.4,H,34.05707393400001
q46-v1.4,H,29.858245598
q46-v1.4,H,39.139639945999996
q46-v1.4,H,39.095686828
q46-v1.4,H,39.405317479
q46-v1.4,H,34.768173394
q46-v1.4,H,36.158297956
q46-v1.4,H,44.187162021999995
q46-v1.4,H,29.913621082
q46-v1.4,H,33.638521912
q46-v1.4,H,31.213765232
q46-v1.4,H,38.313520162
q46-v1.4,H,30.034700084
q46-v1.4,H,36.281940602000006
q46-v1.4,H,32.234047268000005
q46-v1.4,H,34.55390791800001
q46-v1.4,H,40.34058451100001
q46-v1.4,H,31.801527776
q46-v1.4,H,30.841618008
q46-v1.4,H,58.40735507499999
q46-v1.4,H,35.715062364000005
q46-v1.4,H,32.92343244400001
q46-v1.4,H,35.342466299
q46-v1.4,H,35.70463193799999
q46-v1.4,H,29.328484011
q46-v1.4,H,39.793681105000005
q46-v1.4,H,38.94758084399999
q46-v1.4,H,43.246022066
q46-v1.4,H,42.779070896000015
q46-v1.4,H,35.92055233200001
q46-v1.4,H,33.771868002
q46-v1.4,H,30.361323195999997
q46-v1.4,H,33.364749701
q46-v1.4,H,33.509749275999994
q46-v1.4,H,31.903545911000002
q46-v1.4,H,78.436727633
q46-v1.4,H,32.311616983
q3-v1.4,A,55.760994694999994
q3-v1.4,A,52.580157809
q3-v1.4,A,54.323500147000004
q3-v1.4,A,48.478000092
q3-v1.4,A,42.255785024
q3-v1.4,A,46.179463594999994
q3-v1.4,A,39.900091986
q3-v1.4,A,40.453364122
q3-v1.4,A,40.353332231
q3-v1.4,A,45.334637174
q3-v1.4,A,44.47283710000001
q3-v1.4,A,52.612123637
q3-v1.4,A,64.65463366200001
q3-v1.4,A,36.828986542
q3-v1.4,A,36.519388993
q3-v1.4,A,43.516801091
q3-v1.4,A,43.101955239000006
q3-v1.4,A,40.56189358300001
q3-v1.4,A,44.020627796999996
q3-v1.4,A,44.653010843000004
q3-v1.4,A,39.247581348
q3-v1.4,A,48.46702171000001
q3-v1.4,A,40.00108882499999
q3-v1.4,A,48.683414838
q3-v1.4,A,36.624447827999994
q3-v1.4,A,45.566205281
q3-v1.4,A,39.908350469999995
q3-v1.4,A,47.36913169999999
q3-v1.4,A,53.908320890000006
q3-v1.4,A,40.324761032
q3-v1.4,A,31.808300222999996
q3-v1.4,A,52.02668652
q3-v1.4,A,47.209380913000004
q3-v1.4,A,42.103656574999995
q3-v1.4,A,39.99645911799999
q3-v1.4,A,42.46375965099999
q3-v1.4,A,36.520163688
q3-v1.4,A,53.508032735
q3-v1.4,A,46.656128376
q3-v1.4,A,46.637441651
q3-v1.4,A,43.548350494
q3-v1.4,A,38.424575207000004
q3-v1.4,A,48.298385263000014
q3-v1.4,A,45.380914151999995
q3-v1.4,A,35.614596599
q3-v1.4,A,39.338481492999996
q3-v1.4,A,50.379551388
q3-v1.4,A,90.443862003
q3-v1.4,A,48.724488767000004
q3-v1.4,A,43.041821834000004
q3-v1.4,B,26.050011305
q3-v1.4,B,19.044803679
q3-v1.4,B,17.535159344
q3-v1.4,B,16.879269903
q3-v1.4,B,18.728677912
q3-v1.4,B,17.643540261
q3-v1.4,B,19.463707975000002
q3-v1.4,B,12.758327207999999
q3-v1.4,B,17.700715412
q3-v1.4,B,15.393949211999999
q3-v1.4,B,19.066442557
q3-v1.4,B,17.586687671000004
q3-v1.4,B,16.467808252
q3-v1.4,B,19.636691130999996
q3-v1.4,B,15.520198071
q3-v1.4,B,17.840238205000002
q3-v1.4,B,14.816635937
q3-v1.4,B,18.258355567999995
q3-v1.4,B,16.072894601
q3-v1.4,B,22.924436178999997
q3-v1.4,B,14.037625236000002
q3-v1.4,B,19.579874870000005
q3-v1.4,B,17.423287323
q3-v1.4,B,14.342404292000001
q3-v1.4,B,16.795117523
q3-v1.4,B,17.271996674
q3-v1.4,B,17.881982799
q3-v1.4,B,16.916150283999997
q3-v1.4,B,20.161345294000004
q3-v1.4,B,20.758330874
q3-v1.4,B,18.665299279
q3-v1.4,B,15.689704628
q3-v1.4,B,19.215099841
q3-v1.4,B,14.154975791
q3-v1.4,B,15.61975379
q3-v1.4,B,11.639166421
q3-v1.4,B,16.202507951
q3-v1.4,B,14.553126622
q3-v1.4,B,14.515727723
q3-v1.4,B,13.67833454
q3-v1.4,B,19.414075604
q3-v1.4,B,17.971782965
q3-v1.4,B,15.514926345999998
q3-v1.4,B,19.359827575
q3-v1.4,B,19.241251486000003
q3-v1.4,B,16.411205915
q3-v1.4,B,18.186572836
q3-v1.4,B,18.471741449
q3-v1.4,B,15.933516939
q3-v1.4,B,16.988608513000003
q3-v1.4,C,19.201088538
q3-v1.4,C,10.604584617
q3-v1.4,C,11.407203062
q3-v1.4,C,11.108952385
q3-v1.4,C,11.272744973
q3-v1.4,C,10.368194235999999
q3-v1.4,C,9.989766627000002
q3-v1.4,C,10.176787319999997
q3-v1.4,C,10.888342909
q3-v1.4,C,11.267788523
q3-v1.4,C,13.625621892000002
q3-v1.4,C,16.693842931
q3-v1.4,C,9.871390920999998
q3-v1.4,C,9.861319579000002
q3-v1.4,C,10.826831935000001
q3-v1.4,C,10.310509973
q3-v1.4,C,10.443617920000001
q3-v1.4,C,12.865411591
q3-v1.4,C,11.126187162
q3-v1.4,C,11.216777507000002
q3-v1.4,C,9.613949367
q3-v1.4,C,11.535690215999999
q3-v1.4,C,10.413732873999999
q3-v1.4,C,17.402093685
q3-v1.4,C,11.489356464
q3-v1.4,C,10.044142291
q3-v1.4,C,10.965548018
q3-v1.4,C,10.177400439
q3-v1.4,C,13.686106157000001
q3-v1.4,C,11.156241549
q3-v1.4,C,10.27066659
q3-v1.4,C,12.456769679999999
q3-v1.4,C,13.690977764
q3-v1.4,C,10.790357954000001
q3-v1.4,C,9.227713212000001
q3-v1.4,C,12.545279567000001
q3-v1.4,C,11.505214491
q3-v1.4,C,10.666764438
q3-v1.4,C,9.270922919
q3-v1.4,C,11.541072907999999
q3-v1.4,C,13.7206196
q3-v1.4,C,10.142111606
q3-v1.4,C,9.902751560999999
q3-v1.4,C,9.580090495
q3-v1.4,C,11.666141506999999
q3-v1.4,C,10.30551866
q3-v1.4,C,12.679991364999998
q3-v1.4,C,11.427331434999997
q3-v1.4,C,10.105426954
q3-v1.4,C,10.220313743999998
q3-v1.4,D,54.269355645999994
q3-v1.4,D,62.232025300000004
q3-v1.4,D,50.25432612600001
q3-v1.4,D,51.82955435699999
q3-v1.4,D,52.011905733
q3-v1.4,D,47.27772327900001
q3-v1.4,D,45.01983688600001
q3-v1.4,D,52.21506973899999
q3-v1.4,D,53.907480427
q3-v1.4,D,55.867620351
q3-v1.4,D,49.297964502
q3-v1.4,D,46.032730384000004
q3-v1.4,D,46.80294349599999
q3-v1.4,D,58.358636566
q3-v1.4,D,50.86201108800001
q3-v1.4,D,55.179351661999995
q3-v1.4,D,49.84547535099999
q3-v1.4,D,52.893648139
q3-v1.4,D,55.08030053
q3-v1.4,D,54.272846202
q3-v1.4,D,47.690880404000005
q3-v1.4,D,58.469254633000006
q3-v1.4,D,52.818088517
q3-v1.4,D,48.522778922
q3-v1.4,D,64.231470075
q3-v1.4,D,57.949951536
q3-v1.4,D,51.946967278
q3-v1.4,D,55.62684202200001
q3-v1.4,D,51.284325347000006
q3-v1.4,D,54.606071201
q3-v1.4,D,50.351920585
q3-v1.4,D,62.69554336699999
q3-v1.4,D,50.445300147000005
q3-v1.4,D,51.947167386000004
q3-v1.4,D,57.84305187799999
q3-v1.4,D,50.029623494999996
q3-v1.4,D,52.742430201999994
q3-v1.4,D,50.36918038
q3-v1.4,D,52.16306488000001
q3-v1.4,D,53.035520828
q3-v1.4,D,52.682371092
q3-v1.4,D,48.59369893299999
q3-v1.4,D,45.898754736
q3-v1.4,D,53.046696828
q3-v1.4,D,53.47178703499999
q3-v1.4,D,56.61933165000001
q3-v1.4,D,45.462112323
q3-v1.4,D,55.595558722999996
q3-v1.4,D,56.595231150000004
q3-v1.4,D,48.46211075
q3-v1.4,E,18.313575235000002
q3-v1.4,E,10.927970333000001
q3-v1.4,E,10.403765923000002
q3-v1.4,E,9.556424246
q3-v1.4,E,10.358619059
q3-v1.4,E,10.614601254000002
q3-v1.4,E,10.397407248999999
q3-v1.4,E,10.687752066000002
q3-v1.4,E,10.616766113
q3-v1.4,E,10.676324733
q3-v1.4,E,10.157654885
q3-v1.4,E,10.09207037
q3-v1.4,E,10.519124858000001
q3-v1.4,E,10.114086333000001
q3-v1.4,E,11.36168412
q3-v1.4,E,10.00458559
q3-v1.4,E,10.086430407000002
q3-v1.4,E,9.876229527
q3-v1.4,E,10.33203462
q3-v1.4,E,10.308457673000001
q3-v1.4,E,10.234553779
q3-v1.4,E,10.147975121999998
q3-v1.4,E,9.495340988000002
q3-v1.4,E,10.062769704
q3-v1.4,E,10.214309599999998
q3-v1.4,E,11.328167874999998
q3-v1.4,E,9.973972658000001
q3-v1.4,E,10.078660108
q3-v1.4,E,10.515154480000001
q3-v1.4,E,10.264827739
q3-v1.4,E,10.32528263
q3-v1.4,E,11.788819014
q3-v1.4,E,9.355232707
q3-v1.4,E,10.744448173999999
q3-v1.4,E,10.297893225999998
q3-v1.4,E,11.740144515
q3-v1.4,E,9.596430789
q3-v1.4,E,10.161496243000002
q3-v1.4,E,10.062614067
q3-v1.4,E,9.938501668
q3-v1.4,E,16.253972227000002
q3-v1.4,E,10.748218562
q3-v1.4,E,10.418745331000002
q3-v1.4,E,9.581637424
q3-v1.4,E,9.664589898
q3-v1.4,E,10.103055107
q3-v1.4,E,13.065107810000002
q3-v1.4,E,10.746667672999997
q3-v1.4,E,10.107801901999999
q3-v1.4,E,10.857511386
q3-v1.4,F,22.828209815000005
q3-v1.4,F,16.754833832000003
q3-v1.4,F,31.291694878
q3-v1.4,F,13.973718326
q3-v1.4,F,14.230507163
q3-v1.4,F,15.662160614000001
q3-v1.4,F,12.235446869999999
q3-v1.4,F,15.657586902
q3-v1.4,F,16.801276627
q3-v1.4,F,16.954279458000002
q3-v1.4,F,12.561807608
q3-v1.4,F,14.640626682999999
q3-v1.4,F,11.840727167999999
q3-v1.4,F,16.198582188
q3-v1.4,F,14.597645995
q3-v1.4,F,12.911344497
q3-v1.4,F,19.797484326999996
q3-v1.4,F,14.718407323
q3-v1.4,F,12.976582776
q3-v1.4,F,19.460566369000002
q3-v1.4,F,15.061888977999999
q3-v1.4,F,21.256384437999998
q3-v1.4,F,13.793088049
q3-v1.4,F,14.516725018
q3-v1.4,F,16.158318904
q3-v1.4,F,14.246990958
q3-v1.4,F,13.59390634
q3-v1.4,F,14.191945012999998
q3-v1.4,F,17.3846459
q3-v1.4,F,22.765089743000004
q3-v1.4,F,17.865676029
q3-v1.4,F,14.155431538
q3-v1.4,F,14.34855979
q3-v1.4,F,15.719240227999999
q3-v1.4,F,15.968147143999998
q3-v1.4,F,13.822456965999997
q3-v1.4,F,15.411703854999999
q3-v1.4,F,12.830574462
q3-v1.4,F,16.517891121
q3-v1.4,F,17.153837131
q3-v1.4,F,15.187200952000001
q3-v1.4,F,11.503968182000001
q3-v1.4,F,14.463663967
q3-v1.4,F,12.027894153
q3-v1.4,F,17.610724081999997
q3-v1.4,F,16.544299058999997
q3-v1.4,F,13.646903119
q3-v1.4,F,14.304221654
q3-v1.4,F,16.300154707
q3-v1.4,F,13.505152564999998
q3-v1.4,G,24.531216029
q3-v1.4,G,17.462912233
q3-v1.4,G,15.433919861
q3-v1.4,G,22.578689991
q3-v1.4,G,23.850470769000005
q3-v1.4,G,14.237435424999997
q3-v1.4,G,17.786115047000003
q3-v1.4,G,16.629187161999997
q3-v1.4,G,16.735369869
q3-v1.4,G,17.849783435000003
q3-v1.4,G,15.583929781999998
q3-v1.4,G,17.720365628999996
q3-v1.4,G,16.510793261000003
q3-v1.4,G,18.486678743
q3-v1.4,G,19.521155575000005
q3-v1.4,G,17.238141325999997
q3-v1.4,G,15.643602674000002
q3-v1.4,G,19.168812774000003
q3-v1.4,G,19.035329286999996
q3-v1.4,G,18.178375070999998
q3-v1.4,G,16.881554228
q3-v1.4,G,15.964453352
q3-v1.4,G,14.241959466
q3-v1.4,G,15.249361446000002
q3-v1.4,G,15.785686180999999
q3-v1.4,G,17.428067695000003
q3-v1.4,G,16.201803265
q3-v1.4,G,21.066149084
q3-v1.4,G,18.279888594
q3-v1.4,G,17.04011972
q3-v1.4,G,15.909909992000001
q3-v1.4,G,17.936276005
q3-v1.4,G,16.996107833000003
q3-v1.4,G,18.395481003999997
q3-v1.4,G,15.970384932
q3-v1.4,G,16.828240235
q3-v1.4,G,15.21685651
q3-v1.4,G,16.997869618
q3-v1.4,G,16.217893347
q3-v1.4,G,17.624521241
q3-v1.4,G,16.727255481999997
q3-v1.4,G,16.960461313
q3-v1.4,G,15.255088872
q3-v1.4,G,17.089494769000005
q3-v1.4,G,15.121716053000002
q3-v1.4,G,18.592639282
q3-v1.4,G,25.699338438999998
q3-v1.4,G,20.699192342
q3-v1.4,G,20.410523046999998
q3-v1.4,G,16.258264626000003
q3-v1.4,H,29.495919559999997
q3-v1.4,H,22.678711015
q3-v1.4,H,17.528063807000002
q3-v1.4,H,24.10648124
q3-v1.4,H,34.759443293000004
q3-v1.4,H,21.407065782
q3-v1.4,H,25.620987000000003
q3-v1.4,H,17.513147579000005
q3-v1.4,H,20.846090568
q3-v1.4,H,19.637075685
q3-v1.4,H,21.650042721000002
q3-v1.4,H,43.834771493000005
q3-v1.4,H,23.513537099999997
q3-v1.4,H,25.733095858000002
q3-v1.4,H,20.742894276999998
q3-v1.4,H,28.363582411
q3-v1.4,H,24.099888782
q3-v1.4,H,20.148288683
q3-v1.4,H,27.060539646000002
q3-v1.4,H,18.830377629
q3-v1.4,H,24.346580422000002
q3-v1.4,H,24.971051899000003
q3-v1.4,H,28.266745149000002
q3-v1.4,H,22.251089324
q3-v1.4,H,31.238016896999998
q3-v1.4,H,30.470935670000003
q3-v1.4,H,17.681276247000003
q3-v1.4,H,22.503260027
q3-v1.4,H,19.906084765
q3-v1.4,H,18.082030045
q3-v1.4,H,17.986226082
q3-v1.4,H,22.734822268
q3-v1.4,H,22.457068746
q3-v1.4,H,25.270099872000003
q3-v1.4,H,20.208256973000005
q3-v1.4,H,18.939150332999997
q3-v1.4,H,14.748268894
q3-v1.4,H,21.665685460000006
q3-v1.4,H,22.658488244999997
q3-v1.4,H,21.052159086
q3-v1.4,H,19.291395329
q3-v1.4,H,20.280620392999996
q3-v1.4,H,18.446233879
q3-v1.4,H,22.810699866000004
q3-v1.4,H,18.112788545
q3-v1.4,H,19.506490016
q3-v1.4,H,21.194804904
q3-v1.4,H,20.233715059999998
q3-v1.4,H,19.606487283000003
q3-v1.4,H,21.0565868
q53-v1.4,A,44.296459353
q53-v1.4,A,45.283932918
q53-v1.4,A,36.887190413000006
q53-v1.4,A,34.616418380000006
q53-v1.4,A,71.087264031
q53-v1.4,A,35.040331093
q53-v1.4,A,32.092369189
q53-v1.4,A,58.484713447000004
q53-v1.4,A,38.466640084
q53-v1.4,A,31.145679016
q53-v1.4,A,40.114481403000006
q53-v1.4,A,39.626879661
q53-v1.4,A,39.261408542
q53-v1.4,A,34.37607238
q53-v1.4,A,37.37009914899999
q53-v1.4,A,37.25976129800001
q53-v1.4,A,30.750821820000006
q53-v1.4,A,42.278557293
q53-v1.4,A,46.41503216300001
q53-v1.4,A,29.540496995999998
q53-v1.4,A,38.811888115
q53-v1.4,A,40.859829182999995
q53-v1.4,A,37.27350829
q53-v1.4,A,32.058607657
q53-v1.4,A,40.218208800999996
q53-v1.4,A,36.132965616
q53-v1.4,A,33.342778104000004
q53-v1.4,A,66.042111338
q53-v1.4,A,45.249935207
q53-v1.4,A,51.424869007
q53-v1.4,A,39.049308475000004
q53-v1.4,A,33.553232252
q53-v1.4,A,34.524245933
q53-v1.4,A,53.370911585
q53-v1.4,A,48.310341791000006
q53-v1.4,A,40.682529341000006
q53-v1.4,A,35.660167295
q53-v1.4,A,38.910300442
q53-v1.4,A,29.297953083999996
q53-v1.4,A,36.65518408999999
q53-v1.4,A,81.897422275
q53-v1.4,A,57.407115622
q53-v1.4,A,44.67001908399999
q53-v1.4,A,36.901336068000006
q53-v1.4,A,50.324407199
q53-v1.4,A,56.085663378999996
q53-v1.4,A,35.113666486999996
q53-v1.4,A,50.58315188500001
q53-v1.4,A,44.513238365
q53-v1.4,A,31.926217171999998
q53-v1.4,B,16.685915870000002
q53-v1.4,B,14.33612176
q53-v1.4,B,12.381916333
q53-v1.4,B,17.623236696
q53-v1.4,B,14.632175676000001
q53-v1.4,B,15.192714999
q53-v1.4,B,14.466974099000003
q53-v1.4,B,11.90720054
q53-v1.4,B,13.057304629
q53-v1.4,B,16.360323419
q53-v1.4,B,14.834734507
q53-v1.4,B,16.032000749
q53-v1.4,B,14.896517245
q53-v1.4,B,15.510933781000002
q53-v1.4,B,14.163055053999999
q53-v1.4,B,13.436564996000001
q53-v1.4,B,16.592219688000004
q53-v1.4,B,14.77269621
q53-v1.4,B,15.361247945999999
q53-v1.4,B,13.573455074
q53-v1.4,B,14.89079837
q53-v1.4,B,14.344919215
q53-v1.4,B,12.090509079999999
q53-v1.4,B,16.480809697
q53-v1.4,B,13.174344339
q53-v1.4,B,17.338877653999997
q53-v1.4,B,14.226885029
q53-v1.4,B,13.203879171999999
q53-v1.4,B,11.972896133999999
q53-v1.4,B,12.975330867999999
q53-v1.4,B,12.932178447
q53-v1.4,B,12.181425048
q53-v1.4,B,13.653842369
q53-v1.4,B,13.754553254
q53-v1.4,B,13.409631838
q53-v1.4,B,15.112997459000002
q53-v1.4,B,12.336703183
q53-v1.4,B,15.053465751
q53-v1.4,B,15.013401196
q53-v1.4,B,12.228170046999999
q53-v1.4,B,17.846505863
q53-v1.4,B,16.419284458000003
q53-v1.4,B,12.958815863
q53-v1.4,B,13.152718103000002
q53-v1.4,B,14.391858389
q53-v1.4,B,13.165784392
q53-v1.4,B,13.604078859000001
q53-v1.4,B,14.980347107
q53-v1.4,B,16.499130954
q53-v1.4,B,14.835452819
q53-v1.4,C,10.183428147
q53-v1.4,C,12.056678088999996
q53-v1.4,C,10.503779465
q53-v1.4,C,10.609206216
q53-v1.4,C,11.071994514
q53-v1.4,C,10.19274755
q53-v1.4,C,11.19562367
q53-v1.4,C,9.786843696000002
q53-v1.4,C,9.835734172999997
q53-v1.4,C,9.548118042
q53-v1.4,C,10.109973884
q53-v1.4,C,10.637381499000002
q53-v1.4,C,9.827943013
q53-v1.4,C,8.937814313999999
q53-v1.4,C,12.018609480999997
q53-v1.4,C,9.122692192
q53-v1.4,C,9.92099522
q53-v1.4,C,9.991037431999999
q53-v1.4,C,8.519167599000003
q53-v1.4,C,9.044054361999999
q53-v1.4,C,9.254473453000001
q53-v1.4,C,10.404764665999998
q53-v1.4,C,9.503855568
q53-v1.4,C,9.699675667
q53-v1.4,C,9.392953801999997
q53-v1.4,C,9.655139092
q53-v1.4,C,10.738678786999998
q53-v1.4,C,9.273571771999999
q53-v1.4,C,10.899326297000002
q53-v1.4,C,10.490466081
q53-v1.4,C,9.983216700999998
q53-v1.4,C,9.800663797999999
q53-v1.4,C,10.551260763999998
q53-v1.4,C,9.513107938
q53-v1.4,C,10.664541556
q53-v1.4,C,9.243625121999997
q53-v1.4,C,9.572527640999999
q53-v1.4,C,9.374827291999997
q53-v1.4,C,10.336141167999997
q53-v1.4,C,8.702152929999999
q53-v1.4,C,11.828771863999998
q53-v1.4,C,8.743838892
q53-v1.4,C,10.946673272999998
q53-v1.4,C,10.805278404999997
q53-v1.4,C,8.724655238999999
q53-v1.4,C,10.201413134000001
q53-v1.4,C,8.840099733
q53-v1.4,C,9.705983250999997
q53-v1.4,C,8.89804799
q53-v1.4,C,12.181855878999999
q53-v1.4,D,39.614985186999995
q53-v1.4,D,40.172822978000006
q53-v1.4,D,39.679876099999994
q53-v1.4,D,35.94602589899999
q53-v1.4,D,35.014630671
q53-v1.4,D,42.398695756
q53-v1.4,D,43.007991964
q53-v1.4,D,38.49912178100001
q53-v1.4,D,40.743636551
q53-v1.4,D,39.72030128000001
q53-v1.4,D,40.971635537
q53-v1.4,D,44.598417604
q53-v1.4,D,39.056756738
q53-v1.4,D,41.987489118
q53-v1.4,D,42.080241707999996
q53-v1.4,D,39.567500491000004
q53-v1.4,D,37.05063704999999
q53-v1.4,D,44.309296494
q53-v1.4,D,38.957170585
q53-v1.4,D,39.40453081999999
q53-v1.4,D,37.60156128499999
q53-v1.4,D,38.78587691999999
q53-v1.4,D,60.442300409000005
q53-v1.4,D,38.415624547
q53-v1.4,D,38.471503596000005
q53-v1.4,D,42.949283089999994
q53-v1.4,D,42.24070703899999
q53-v1.4,D,41.087587827
q53-v1.4,D,37.449696360999994
q53-v1.4,D,41.04731584900001
q53-v1.4,D,39.857798477
q53-v1.4,D,41.083141046
q53-v1.4,D,43.482104806
q53-v1.4,D,39.038958961000006
q53-v1.4,D,38.50614138
q53-v1.4,D,42.209332802000006
q53-v1.4,D,43.722803176
q53-v1.4,D,40.745483377
q53-v1.4,D,40.124083311
q53-v1.4,D,37.632435210000004
q53-v1.4,D,39.859799569
q53-v1.4,D,38.299648735999995
q53-v1.4,D,40.722712033
q53-v1.4,D,40.454317906
q53-v1.4,D,39.63089965200001
q53-v1.4,D,47.934062536
q53-v1.4,D,36.76487628900001
q53-v1.4,D,35.515804956000004
q53-v1.4,D,38.704847907
q53-v1.4,D,45.487856136000005
q53-v1.4,E,11.954296006999998
q53-v1.4,E,10.147726335
q53-v1.4,E,9.340061931000001
q53-v1.4,E,10.37757241
q53-v1.4,E,11.076005085999997
q53-v1.4,E,9.120485414000001
q53-v1.4,E,10.575426072
q53-v1.4,E,9.565592522000001
q53-v1.4,E,9.19629477
q53-v1.4,E,9.620630962999998
q53-v1.4,E,9.442145762000003
q53-v1.4,E,9.270963490999998
q53-v1.4,E,9.307622740000001
q53-v1.4,E,11.496715165000001
q53-v1.4,E,9.443688144000001
q53-v1.4,E,9.041548055
q53-v1.4,E,10.452694565000002
q53-v1.4,E,9.435170716999998
q53-v1.4,E,9.072230964000001
q53-v1.4,E,9.360370654999999
q53-v1.4,E,9.358480387
q53-v1.4,E,9.005011961000001
q53-v1.4,E,9.240685477
q53-v1.4,E,9.955745585999999
q53-v1.4,E,10.130668096
q53-v1.4,E,9.008979122000001
q53-v1.4,E,10.10491793
q53-v1.4,E,9.709655787
q53-v1.4,E,8.78680852
q53-v1.4,E,10.964446936
q53-v1.4,E,9.204645014999999
q53-v1.4,E,9.669523018000001
q53-v1.4,E,9.65597588
q53-v1.4,E,9.998677754
q53-v1.4,E,9.489399045000003
q53-v1.4,E,10.001879342000002
q53-v1.4,E,10.09042904
q53-v1.4,E,9.764148184
q53-v1.4,E,9.603708965
q53-v1.4,E,10.404099690999997
q53-v1.4,E,9.567665234
q53-v1.4,E,8.913954423000002
q53-v1.4,E,9.134955515000001
q53-v1.4,E,9.474510518999999
q53-v1.4,E,10.358462437000002
q53-v1.4,E,9.607259452
q53-v1.4,E,8.678280685999999
q53-v1.4,E,8.831262652
q53-v1.4,E,8.678345208000001
q53-v1.4,E,9.095043889000001
q53-v1.4,F,13.32973726
q53-v1.4,F,12.807432442
q53-v1.4,F,13.179194067000001
q53-v1.4,F,14.058169478000002
q53-v1.4,F,14.33777115
q53-v1.4,F,13.793837049
q53-v1.4,F,11.234083431
q53-v1.4,F,11.745533266
q53-v1.4,F,11.335213026
q53-v1.4,F,14.215173716
q53-v1.4,F,12.110692407999998
q53-v1.4,F,15.081448743
q53-v1.4,F,12.879852604999998
q53-v1.4,F,9.987896256
q53-v1.4,F,14.905445278
q53-v1.4,F,11.057779089000002
q53-v1.4,F,13.087299406
q53-v1.4,F,10.368172888
q53-v1.4,F,12.023432793
q53-v1.4,F,12.431483313
q53-v1.4,F,12.764447523000001
q53-v1.4,F,11.054377806
q53-v1.4,F,10.893256244999998
q53-v1.4,F,14.263146179
q53-v1.4,F,13.877720061
q53-v1.4,F,12.013070399
q53-v1.4,F,12.959088345999998
q53-v1.4,F,9.838391468000001
q53-v1.4,F,12.777023380000001
q53-v1.4,F,13.534686815
q53-v1.4,F,12.785441866
q53-v1.4,F,13.792024108
q53-v1.4,F,10.555841367000003
q53-v1.4,F,14.640845178
q53-v1.4,F,11.661962244
q53-v1.4,F,13.869732313999998
q53-v1.4,F,11.875296204999998
q53-v1.4,F,14.149706397000001
q53-v1.4,F,15.962042526000001
q53-v1.4,F,14.78172375
q53-v1.4,F,11.940574293999997
q53-v1.4,F,12.908874719000002
q53-v1.4,F,11.540651401000002
q53-v1.4,F,13.667541749
q53-v1.4,F,11.679814810000002
q53-v1.4,F,14.693548527999999
q53-v1.4,F,11.749912833999998
q53-v1.4,F,12.276832748
q53-v1.4,F,14.189384234999999
q53-v1.4,F,10.371039163000003
q53-v1.4,G,15.351798097
q53-v1.4,G,15.877349079
q53-v1.4,G,14.460604251000001
q53-v1.4,G,15.413923674000001
q53-v1.4,G,15.544858109
q53-v1.4,G,14.264403566999999
q53-v1.4,G,15.016992806000001
q53-v1.4,G,14.100289387
q53-v1.4,G,17.346120681000006
q53-v1.4,G,15.240889372000002
q53-v1.4,G,13.500849348
q53-v1.4,G,13.101313048999998
q53-v1.4,G,15.685980752999999
q53-v1.4,G,13.792771848
q53-v1.4,G,13.658713837999999
q53-v1.4,G,15.229355556999998
q53-v1.4,G,13.940002007000002
q53-v1.4,G,12.807910978
q53-v1.4,G,13.395642007000001
q53-v1.4,G,14.743207338
q53-v1.4,G,17.591085724999996
q53-v1.4,G,14.609802722000001
q53-v1.4,G,14.639437847
q53-v1.4,G,14.602163871
q53-v1.4,G,15.124623665999998
q53-v1.4,G,14.60936492
q53-v1.4,G,14.517062442999997
q53-v1.4,G,13.138794381
q53-v1.4,G,14.049218658000001
q53-v1.4,G,13.496975002
q53-v1.4,G,12.341692078000001
q53-v1.4,G,15.38407891
q53-v1.4,G,14.074246945999999
q53-v1.4,G,13.399460716
q53-v1.4,G,15.27868368
q53-v1.4,G,14.578992778
q53-v1.4,G,14.704742066000001
q53-v1.4,G,14.080683966999997
q53-v1.4,G,15.483517267000002
q53-v1.4,G,13.322408534000001
q53-v1.4,G,14.431883100999999
q53-v1.4,G,13.664162378000002
q53-v1.4,G,13.97237352
q53-v1.4,G,13.047912187999998
q53-v1.4,G,14.295772538
q53-v1.4,G,13.721584760999999
q53-v1.4,G,14.852669635999998
q53-v1.4,G,15.224846495999998
q53-v1.4,G,13.436490956
q53-v1.4,G,14.823352016000001
q53-v1.4,H,16.440197710999996
q53-v1.4,H,20.619601113
q53-v1.4,H,21.148877333999998
q53-v1.4,H,28.717740188
q53-v1.4,H,22.143370759
q53-v1.4,H,22.195830917000002
q53-v1.4,H,19.866442508
q53-v1.4,H,16.514730194999995
q53-v1.4,H,19.758166405999997
q53-v1.4,H,19.915227993000002
q53-v1.4,H,16.13629487
q53-v1.4,H,21.380398994
q53-v1.4,H,17.631437573000003
q53-v1.4,H,17.930599732
q53-v1.4,H,25.045101128000002
q53-v1.4,H,19.559158409000002
q53-v1.4,H,18.385661062
q53-v1.4,H,18.237051437999998
q53-v1.4,H,22.572795105999997
q53-v1.4,H,18.669633264999998
q53-v1.4,H,18.854482120999997
q53-v1.4,H,17.286769365
q53-v1.4,H,21.316955151000002
q53-v1.4,H,28.341295214000002
q53-v1.4,H,19.249050332999996
q53-v1.4,H,22.491702864
q53-v1.4,H,22.000234340000002
q53-v1.4,H,21.802947000999996
q53-v1.4,H,18.683594423999995
q53-v1.4,H,18.458102103999995
q53-v1.4,H,15.973301292
q53-v1.4,H,19.920672256000003
q53-v1.4,H,25.113581664999998
q53-v1.4,H,17.660559989000003
q53-v1.4,H,21.348318145
q53-v1.4,H,20.972351749999998
q53-v1.4,H,18.595821547
q53-v1.4,H,20.308589057000002
q53-v1.4,H,20.165822726000002
q53-v1.4,H,21.581024867999997
q53-v1.4,H,14.556271345999999
q53-v1.4,H,19.539879058999997
q53-v1.4,H,15.957522865000003
q53-v1.4,H,22.427547215
q53-v1.4,H,20.34878466
q53-v1.4,H,21.208780613000002
q53-v1.4,H,16.924909867
q53-v1.4,H,21.895571808
q53-v1.4,H,17.387515265
q53-v1.4,H,23.713479983
q68-v1.4,A,84.97211334399998
q68-v1.4,A,80.80919080799998
q68-v1.4,A,71.537956263
q68-v1.4,A,68.49733656199999
q68-v1.4,A,76.09072177899999
q68-v1.4,A,87.54077009199997
q68-v1.4,A,74.75949305900002
q68-v1.4,A,78.839452881
q68-v1.4,A,82.516960201
q68-v1.4,A,83.210528708
q68-v1.4,A,79.844124288
q68-v1.4,A,89.97539363400003
q68-v1.4,A,67.978649017
q68-v1.4,A,81.022710983
q68-v1.4,A,85.868380689
q68-v1.4,A,75.26986484300001
q68-v1.4,A,91.85745048300001
q68-v1.4,A,77.376648336
q68-v1.4,A,83.696706107
q68-v1.4,A,77.36089009199999
q68-v1.4,A,82.77308442100001
q68-v1.4,A,72.341386935
q68-v1.4,A,86.58837199800001
q68-v1.4,A,71.25265754800002
q68-v1.4,A,79.612030203
q68-v1.4,A,123.55398670500001
q68-v1.4,A,77.02699882200001
q68-v1.4,A,82.48760387700001
q68-v1.4,A,86.73470819300002
q68-v1.4,A,66.65039983099999
q68-v1.4,A,88.30314388299999
q68-v1.4,A,101.703786853
q68-v1.4,A,94.773094244
q68-v1.4,A,86.81796882399999
q68-v1.4,A,87.23490764499999
q68-v1.4,A,87.039863346
q68-v1.4,A,78.74716667199999
q68-v1.4,A,76.412809748
q68-v1.4,A,77.35960378900002
q68-v1.4,A,76.06456792300001
q68-v1.4,A,70.21866592499998
q68-v1.4,A,90.830620916
q68-v1.4,A,75.24249513600002
q68-v1.4,A,86.93821103
q68-v1.4,A,81.355827156
q68-v1.4,A,68.53077825499999
q68-v1.4,A,167.34448322
q68-v1.4,A,81.218459111
q68-v1.4,A,77.62725253800002
q68-v1.4,A,80.60047674
q68-v1.4,B,33.457164106
q68-v1.4,B,34.388434327000006
q68-v1.4,B,31.945424727
q68-v1.4,B,31.809194167999998
q68-v1.4,B,40.227289622
q68-v1.4,B,34.535307501000005
q68-v1.4,B,35.18485863800001
q68-v1.4,B,31.037490736999995
q68-v1.4,B,34.761144067000004
q68-v1.4,B,37.82056059500001
q68-v1.4,B,32.639738842999996
q68-v1.4,B,31.678534978999995
q68-v1.4,B,38.456609197000006
q68-v1.4,B,41.23446568
q68-v1.4,B,35.88496038199999
q68-v1.4,B,34.395288769
q68-v1.4,B,35.627037796
q68-v1.4,B,45.136801604
q68-v1.4,B,33.039273641
q68-v1.4,B,31.724938578
q68-v1.4,B,36.937849821
q68-v1.4,B,38.894597006999994
q68-v1.4,B,30.691618993999995
q68-v1.4,B,40.43686745400001
q68-v1.4,B,35.48824552800001
q68-v1.4,B,34.643019110000004
q68-v1.4,B,38.205032046999996
q68-v1.4,B,33.25024311600001
q68-v1.4,B,38.136866514000005
q68-v1.4,B,30.897392865999997
q68-v1.4,B,34.371082961000006
q68-v1.4,B,36.620596545000005
q68-v1.4,B,32.845674034000005
q68-v1.4,B,34.67172475499999
q68-v1.4,B,39.501356242
q68-v1.4,B,33.704063981
q68-v1.4,B,35.37867786400001
q68-v1.4,B,36.450231151
q68-v1.4,B,44.612604667
q68-v1.4,B,37.682602583
q68-v1.4,B,33.291119220000006
q68-v1.4,B,29.816491265
q68-v1.4,B,33.117787004
q68-v1.4,B,44.91561971900001
q68-v1.4,B,32.321501854999994
q68-v1.4,B,35.13274541299999
q68-v1.4,B,36.828027032
q68-v1.4,B,36.015109620999986
q68-v1.4,B,38.690776660000004
q68-v1.4,B,34.244990073000004
q68-v1.4,C,25.577794642
q68-v1.4,C,26.154117490000004
q68-v1.4,C,24.042298346
q68-v1.4,C,24.967820793999998
q68-v1.4,C,25.081991786
q68-v1.4,C,26.010563353000002
q68-v1.4,C,27.870298069
q68-v1.4,C,26.61952733
q68-v1.4,C,26.588749343
q68-v1.4,C,28.434804422
q68-v1.4,C,23.463498791999996
q68-v1.4,C,26.041857774
q68-v1.4,C,23.460402506999998
q68-v1.4,C,24.948392372
q68-v1.4,C,27.591624308000004
q68-v1.4,C,23.676260739999996
q68-v1.4,C,27.251703125
q68-v1.4,C,26.558928879000003
q68-v1.4,C,25.491400561000003
q68-v1.4,C,26.269094239999998
q68-v1.4,C,25.070305509999997
q68-v1.4,C,25.039958014000003
q68-v1.4,C,24.664965152999997
q68-v1.4,C,26.374197239
q68-v1.4,C,26.376052436
q68-v1.4,C,26.37118224
q68-v1.4,C,27.553796125000005
q68-v1.4,C,25.619547723
q68-v1.4,C,26.843235050000004
q68-v1.4,C,27.995397888
q68-v1.4,C,28.802251729999995
q68-v1.4,C,31.250311234
q68-v1.4,C,25.486176348999997
q68-v1.4,C,27.080148033999997
q68-v1.4,C,26.300886009
q68-v1.4,C,24.483310486999997
q68-v1.4,C,29.354685223999997
q68-v1.4,C,24.484950069000003
q68-v1.4,C,26.102342723000003
q68-v1.4,C,26.548604087000005
q68-v1.4,C,26.039101813000002
q68-v1.4,C,25.310463328999997
q68-v1.4,C,31.409030646999998
q68-v1.4,C,27.304709075
q68-v1.4,C,27.421228112999998
q68-v1.4,C,24.538563259
q68-v1.4,C,24.686974576
q68-v1.4,C,25.423908030000003
q68-v1.4,C,26.328583389999995
q68-v1.4,C,25.513307119
q68-v1.4,D,103.588198072
q68-v1.4,D,94.269446279
q68-v1.4,D,94.468166661
q68-v1.4,D,101.477873246
q68-v1.4,D,104.430216154
q68-v1.4,D,96.59106744000002
q68-v1.4,D,96.130044774
q68-v1.4,D,96.38538165300001
q68-v1.4,D,88.961994719
q68-v1.4,D,97.308102901
q68-v1.4,D,102.323592876
q68-v1.4,D,107.59327872399999
q68-v1.4,D,107.325064353
q68-v1.4,D,94.956917757
q68-v1.4,D,104.431222222
q68-v1.4,D,108.481150717
q68-v1.4,D,113.009392506
q68-v1.4,D,97.661554687
q68-v1.4,D,103.523793989
q68-v1.4,D,101.36591459199998
q68-v1.4,D,99.250024486
q68-v1.4,D,109.70010702399999
q68-v1.4,D,99.28386056600002
q68-v1.4,D,99.21496527800001
q68-v1.4,D,104.69240492800002
q68-v1.4,D,100.660069178
q68-v1.4,D,99.45508885299999
q68-v1.4,D,107.37053472800002
q68-v1.4,D,98.564808849
q68-v1.4,D,112.82928611199999
q68-v1.4,D,91.859415155
q68-v1.4,D,107.13734784799999
q68-v1.4,D,96.43717976800001
q68-v1.4,D,99.870977906
q68-v1.4,D,96.94549246400001
q68-v1.4,D,94.23720700000001
q68-v1.4,D,94.333228489
q68-v1.4,D,103.541442542
q68-v1.4,D,98.307884339
q68-v1.4,D,96.911709313
q68-v1.4,D,103.83231028799999
q68-v1.4,D,105.77525443300003
q68-v1.4,D,101.39097206999999
q68-v1.4,D,97.578977998
q68-v1.4,D,87.002097381
q68-v1.4,D,103.469307562
q68-v1.4,D,99.888913556
q68-v1.4,D,91.618967242
q68-v1.4,D,110.399531958
q68-v1.4,D,88.24858706799998
q68-v1.4,E,24.719831736
q68-v1.4,E,25.726038409000004
q68-v1.4,E,25.440066107
q68-v1.4,E,24.039621058
q68-v1.4,E,24.293164564999998
q68-v1.4,E,22.968785194
q68-v1.4,E,25.014737170000004
q68-v1.4,E,23.727926682999996
q68-v1.4,E,31.540003301
q68-v1.4,E,38.675666529
q68-v1.4,E,26.369395842000003
q68-v1.4,E,25.522866868999998
q68-v1.4,E,24.317529204
q68-v1.4,E,25.489073731999998
q68-v1.4,E,26.195157941999998
q68-v1.4,E,25.325836773
q68-v1.4,E,24.266972914
q68-v1.4,E,24.065976688000003
q68-v1.4,E,26.537102149
q68-v1.4,E,25.733817017
q68-v1.4,E,24.506508257
q68-v1.4,E,23.147756184999995
q68-v1.4,E,24.641985255
q68-v1.4,E,24.307649317999996
q68-v1.4,E,27.966988769
q68-v1.4,E,25.355619706
q68-v1.4,E,25.033519699999996
q68-v1.4,E,23.933288273000002
q68-v1.4,E,24.796402994999998
q68-v1.4,E,25.203079461
q68-v1.4,E,25.594465449000005
q68-v1.4,E,25.075741978
q68-v1.4,E,25.756318318999995
q68-v1.4,E,27.017033748000003
q68-v1.4,E,23.921364051999998
q68-v1.4,E,24.392264363
q68-v1.4,E,24.425422327
q68-v1.4,E,26.165785032
q68-v1.4,E,24.593207268
q68-v1.4,E,26.154914144
q68-v1.4,E,26.059153897
q68-v1.4,E,24.242323926999997
q68-v1.4,E,25.688005011
q68-v1.4,E,23.935987403
q68-v1.4,E,25.800694793
q68-v1.4,E,23.968024774999996
q68-v1.4,E,25.779859977
q68-v1.4,E,25.130164184999998
q68-v1.4,E,26.338818259000004
q68-v1.4,E,27.421417762
q68-v1.4,F,31.217774367
q68-v1.4,F,29.645615029
q68-v1.4,F,35.431197657000006
q68-v1.4,F,30.393863727
q68-v1.4,F,30.134625485999997
q68-v1.4,F,28.596875478
q68-v1.4,F,27.463154961
q68-v1.4,F,33.28835405700001
q68-v1.4,F,30.403755753000006
q68-v1.4,F,30.446496613
q68-v1.4,F,30.077333525999997
q68-v1.4,F,27.057047953999994
q68-v1.4,F,32.982184366
q68-v1.4,F,31.976443687000003
q68-v1.4,F,33.51815328
q68-v1.4,F,31.385284398
q68-v1.4,F,38.285979837999996
q68-v1.4,F,29.045036301
q68-v1.4,F,30.356988581000003
q68-v1.4,F,32.594683597
q68-v1.4,F,33.39743342100001
q68-v1.4,F,27.708972552
q68-v1.4,F,29.42512918
q68-v1.4,F,33.352015734999995
q68-v1.4,F,30.055743058
q68-v1.4,F,43.441201944
q68-v1.4,F,31.285970410999994
q68-v1.4,F,30.346220166
q68-v1.4,F,30.622470110000002
q68-v1.4,F,32.703729435
q68-v1.4,F,36.828405081
q68-v1.4,F,34.438656286000004
q68-v1.4,F,29.988769885999996
q68-v1.4,F,31.346999732
q68-v1.4,F,37.06063986599999
q68-v1.4,F,32.018294323
q68-v1.4,F,31.844265946
q68-v1.4,F,31.242548370000005
q68-v1.4,F,30.512126672999997
q68-v1.4,F,30.909008651
q68-v1.4,F,30.929660558000002
q68-v1.4,F,29.663511279999998
q68-v1.4,F,34.121830796000005
q68-v1.4,F,35.457360464
q68-v1.4,F,31.304033169999997
q68-v1.4,F,29.453999072
q68-v1.4,F,27.736254363000004
q68-v1.4,F,30.280971059
q68-v1.4,F,30.279746926999994
q68-v1.4,F,33.739325640000004
q68-v1.4,G,34.151599457
q68-v1.4,G,37.49431757800001
q68-v1.4,G,39.169963536999994
q68-v1.4,G,34.727462778
q68-v1.4,G,40.48445027699999
q68-v1.4,G,37.484652821
q68-v1.4,G,41.918147997000005
q68-v1.4,G,41.612277154000004
q68-v1.4,G,35.931835026999984
q68-v1.4,G,38.768730426999994
q68-v1.4,G,36.62227175
q68-v1.4,G,33.60481915299999
q68-v1.4,G,35.58096182
q68-v1.4,G,35.94248230399999
q68-v1.4,G,39.23017540000001
q68-v1.4,G,35.83976342900001
q68-v1.4,G,35.641192964999995
q68-v1.4,G,33.432644444
q68-v1.4,G,36.819908165
q68-v1.4,G,35.517887175999995
q68-v1.4,G,36.637822725
q68-v1.4,G,35.322802263999996
q68-v1.4,G,43.244598245
q68-v1.4,G,36.721178711
q68-v1.4,G,39.854628837
q68-v1.4,G,34.703792357
q68-v1.4,G,39.933336601
q68-v1.4,G,39.921329054000005
q68-v1.4,G,37.39371384500001
q68-v1.4,G,35.089354451
q68-v1.4,G,34.648289132
q68-v1.4,G,36.980500186
q68-v1.4,G,37.17296163299999
q68-v1.4,G,37.487601520000005
q68-v1.4,G,38.06123702200001
q68-v1.4,G,43.378990888999994
q68-v1.4,G,43.031063275
q68-v1.4,G,35.955594100999996
q68-v1.4,G,34.51214988
q68-v1.4,G,38.431887651
q68-v1.4,G,37.903565746
q68-v1.4,G,40.02716438099999
q68-v1.4,G,38.056176883
q68-v1.4,G,33.902820086000006
q68-v1.4,G,35.51684011700001
q68-v1.4,G,36.223381223
q68-v1.4,G,41.464307014999996
q68-v1.4,G,35.643397545000006
q68-v1.4,G,34.196451004000004
q68-v1.4,G,38.60174778
q68-v1.4,H,44.24434402000001
q68-v1.4,H,40.213457792
q68-v1.4,H,48.975087421000005
q68-v1.4,H,43.451914218
q68-v1.4,H,48.192031066000006
q68-v1.4,H,41.98284296399999
q68-v1.4,H,38.348541011
q68-v1.4,H,38.340232169000004
q68-v1.4,H,45.48806097
q68-v1.4,H,46.697691931
q68-v1.4,H,44.62289620999999
q68-v1.4,H,46.486106644
q68-v1.4,H,41.79267580799999
q68-v1.4,H,35.649747981
q68-v1.4,H,40.362705690999995
q68-v1.4,H,37.711768339
q68-v1.4,H,46.80387459
q68-v1.4,H,41.126925694000015
q68-v1.4,H,38.654125025
q68-v1.4,H,48.852042420000004
q68-v1.4,H,42.28603257300001
q68-v1.4,H,56.809251598
q68-v1.4,H,39.566239836
q68-v1.4,H,39.259976082
q68-v1.4,H,40.436258509999995
q68-v1.4,H,52.83559746199999
q68-v1.4,H,40.336505710000004
q68-v1.4,H,51.154703909000006
q68-v1.4,H,36.059172616000005
q68-v1.4,H,41.670171386999996
q68-v1.4,H,43.26240919499999
q68-v1.4,H,43.689039885999996
q68-v1.4,H,42.21354495799999
q68-v1.4,H,44.686000953000004
q68-v1.4,H,61.764449647
q68-v1.4,H,36.118272591
q68-v1.4,H,49.070688159999996
q68-v1.4,H,40.890730684999994
q68-v1.4,H,50.24698973700001
q68-v1.4,H,46.038241373
q68-v1.4,H,33.371608086
q68-v1.4,H,41.124947775
q68-v1.4,H,39.11574528199999
q68-v1.4,H,40.08635355700001
q68-v1.4,H,43.584352855999995
q68-v1.4,H,33.257865731
q68-v1.4,H,49.241592164000004
q68-v1.4,H,46.18408762999999
q68-v1.4,H,41.850912334
q68-v1.4,H,47.655838321
q82-v1.4,A,72.699145724
q82-v1.4,A,57.301667448
q82-v1.4,A,60.184078921
q82-v1.4,A,58.487944296
q82-v1.4,A,56.189604201
q82-v1.4,A,54.295961852999994
q82-v1.4,A,61.901788618
q82-v1.4,A,80.07759636299998
q82-v1.4,A,49.48915077499999
q82-v1.4,A,57.89492923499999
q82-v1.4,A,69.184852867
q82-v1.4,A,70.21300163999999
q82-v1.4,A,48.625548355
q82-v1.4,A,66.85829962400001
q82-v1.4,A,65.005560104
q82-v1.4,A,68.309317093
q82-v1.4,A,57.64231019499999
q82-v1.4,A,68.109383706
q82-v1.4,A,65.361863404
q82-v1.4,A,52.498666221
q82-v1.4,A,67.590657873
q82-v1.4,A,87.67410859099999
q82-v1.4,A,63.896954053
q82-v1.4,A,65.54049300599999
q82-v1.4,A,76.10800491199998
q82-v1.4,A,63.473856169000015
q82-v1.4,A,59.88048488700001
q82-v1.4,A,57.902227126
q82-v1.4,A,64.12784462100001
q82-v1.4,A,62.457492960999986
q82-v1.4,A,63.91860784
q82-v1.4,A,65.17208438
q82-v1.4,A,54.1154434
q82-v1.4,A,52.155226445
q82-v1.4,A,67.46104636700001
q82-v1.4,A,63.299576310000006
q82-v1.4,A,62.223524223
q82-v1.4,A,56.38501403499999
q82-v1.4,A,59.646623178999995
q82-v1.4,A,72.28813189900002
q82-v1.4,A,69.122616193
q82-v1.4,A,71.07382373600001
q82-v1.4,A,62.641708038
q82-v1.4,A,52.391972464
q82-v1.4,A,60.885822588999986
q82-v1.4,A,54.132534893
q82-v1.4,A,53.70872029600001
q82-v1.4,A,75.76034721200001
q82-v1.4,A,55.278192419
q82-v1.4,A,66.772748329
q82-v1.4,B,24.549848511999997
q82-v1.4,B,24.421716393
q82-v1.4,B,28.651422283
q82-v1.4,B,25.816796323
q82-v1.4,B,37.679685017999994
q82-v1.4,B,22.122023029
q82-v1.4,B,25.351135766
q82-v1.4,B,25.534123487000006
q82-v1.4,B,26.197832970000004
q82-v1.4,B,28.762378172000002
q82-v1.4,B,28.388850355999995
q82-v1.4,B,25.557326301999993
q82-v1.4,B,25.557207585
q82-v1.4,B,28.212839851000002
q82-v1.4,B,25.589900124
q82-v1.4,B,23.066184502
q82-v1.4,B,34.966372650000004
q82-v1.4,B,25.161445525999998
q82-v1.4,B,24.3724381
q82-v1.4,B,24.897534708
q82-v1.4,B,30.275941035999995
q82-v1.4,B,25.800596235999997
q82-v1.4,B,34.950810461
q82-v1.4,B,27.056708963000002
q82-v1.4,B,25.752003905
q82-v1.4,B,29.325979816
q82-v1.4,B,32.728393697
q82-v1.4,B,24.730619759
q82-v1.4,B,25.234089883
q82-v1.4,B,25.206482774
q82-v1.4,B,27.002271373000003
q82-v1.4,B,27.385277047000002
q82-v1.4,B,26.100937536
q82-v1.4,B,27.692736795000002
q82-v1.4,B,28.739720824
q82-v1.4,B,24.906276015999996
q82-v1.4,B,27.255873741
q82-v1.4,B,23.451362342000003
q82-v1.4,B,22.272978957
q82-v1.4,B,26.064671027000003
q82-v1.4,B,22.973098501
q82-v1.4,B,22.817688993999997
q82-v1.4,B,25.288736703999998
q82-v1.4,B,29.730513349
q82-v1.4,B,25.118638070999996
q82-v1.4,B,24.018625441999998
q82-v1.4,B,29.634009412
q82-v1.4,B,24.685380918000003
q82-v1.4,B,26.524811211
q82-v1.4,B,27.678832048
q82-v1.4,C,18.350673395999998
q82-v1.4,C,18.922573357
q82-v1.4,C,17.849032114
q82-v1.4,C,20.804225449999997
q82-v1.4,C,18.127337905
q82-v1.4,C,16.70660124999999
q82-v1.4,C,19.304408206
q82-v1.4,C,19.100064039999996
q82-v1.4,C,16.459345491
q82-v1.4,C,18.915375434
q82-v1.4,C,19.688992913
q82-v1.4,C,20.071654312999996
q82-v1.4,C,17.844351547
q82-v1.4,C,18.731656521999998
q82-v1.4,C,17.873251611000004
q82-v1.4,C,20.835604329999995
q82-v1.4,C,17.026654395999998
q82-v1.4,C,17.897713725000003
q82-v1.4,C,18.841610101999997
q82-v1.4,C,18.908188550000002
q82-v1.4,C,19.479847459
q82-v1.4,C,17.006862366999997
q82-v1.4,C,17.377085723
q82-v1.4,C,16.163194858
q82-v1.4,C,16.836516303
q82-v1.4,C,16.083088223
q82-v1.4,C,16.665981116
q82-v1.4,C,18.569230960000002
q82-v1.4,C,16.792969310000004
q82-v1.4,C,16.584762929999997
q82-v1.4,C,17.209920785999998
q82-v1.4,C,20.815205319
q82-v1.4,C,18.067368416
q82-v1.4,C,17.137593842999998
q82-v1.4,C,23.412304485
q82-v1.4,C,16.834691904999996
q82-v1.4,C,16.543085298
q82-v1.4,C,19.525055802000004
q82-v1.4,C,19.212297461000002
q82-v1.4,C,18.806964972000006
q82-v1.4,C,16.306624056
q82-v1.4,C,18.010305737000003
q82-v1.4,C,16.533562535
q82-v1.4,C,20.460849839999998
q82-v1.4,C,18.262483187
q82-v1.4,C,19.692883499
q82-v1.4,C,18.227367430999998
q82-v1.4,C,24.359590579000002
q82-v1.4,C,16.796738491
q82-v1.4,C,18.657798432000003
q82-v1.4,D,66.89143922100001
q82-v1.4,D,59.407388731
q82-v1.4,D,65.70108514399998
q82-v1.4,D,69.31387367299999
q82-v1.4,D,59.154540404
q82-v1.4,D,57.648011661999995
q82-v1.4,D,59.353039994999996
q82-v1.4,D,62.045026783000004
q82-v1.4,D,67.693448339
q82-v1.4,D,66.49917173599998
q82-v1.4,D,76.40888564
q82-v1.4,D,96.44907681299999
q82-v1.4,D,81.893242499
q82-v1.4,D,62.155943466000004
q82-v1.4,D,71.271882401
q82-v1.4,D,64.176601893
q82-v1.4,D,66.24349557999999
q82-v1.4,D,72.12655588400001
q82-v1.4,D,75.706663587
q82-v1.4,D,89.20225228299999
q82-v1.4,D,70.07280127199999
q82-v1.4,D,65.634363975
q82-v1.4,D,68.592740996
q82-v1.4,D,57.25403609199999
q82-v1.4,D,68.168798122
q82-v1.4,D,61.238305825
q82-v1.4,D,57.69217099800001
q82-v1.4,D,63.270744959000005
q82-v1.4,D,64.416800388
q82-v1.4,D,74.61670433699999
q82-v1.4,D,61.61938686
q82-v1.4,D,55.831884696
q82-v1.4,D,66.87660940999999
q82-v1.4,D,64.022393884
q82-v1.4,D,62.737080911
q82-v1.4,D,59.852991564999996
q82-v1.4,D,99.87735837800001
q82-v1.4,D,62.341462373999995
q82-v1.4,D,58.900568439000004
q82-v1.4,D,72.219229529
q82-v1.4,D,63.129819298
q82-v1.4,D,60.886857436
q82-v1.4,D,58.37953597
q82-v1.4,D,58.19279895599999
q82-v1.4,D,65.62720501000001
q82-v1.4,D,60.010262622
q82-v1.4,D,70.44625965600001
q82-v1.4,D,67.61286532200002
q82-v1.4,D,77.456900091
q82-v1.4,D,89.501110452
q82-v1.4,E,18.036548149999994
q82-v1.4,E,25.597364373
q82-v1.4,E,18.027489593
q82-v1.4,E,17.492686651
q82-v1.4,E,17.312122085000002
q82-v1.4,E,18.915003323000004
q82-v1.4,E,16.613883529000006
q82-v1.4,E,18.397427959999998
q82-v1.4,E,16.128018147
q82-v1.4,E,18.114710802000005
q82-v1.4,E,17.949196198000003
q82-v1.4,E,17.735206154
q82-v1.4,E,20.122280516
q82-v1.4,E,20.020918279999997
q82-v1.4,E,18.218283455
q82-v1.4,E,23.027292088
q82-v1.4,E,16.866889660000005
q82-v1.4,E,17.583399156
q82-v1.4,E,20.098451424
q82-v1.4,E,17.191257614
q82-v1.4,E,20.905085460000002
q82-v1.4,E,16.867303648999997
q82-v1.4,E,18.468302023
q82-v1.4,E,16.269481471000002
q82-v1.4,E,18.944158350000002
q82-v1.4,E,17.037819078
q82-v1.4,E,17.811567936
q82-v1.4,E,19.040847262
q82-v1.4,E,19.269088802000002
q82-v1.4,E,20.473143512000004
q82-v1.4,E,15.896652964000001
q82-v1.4,E,19.168712286999998
q82-v1.4,E,18.432742864999998
q82-v1.4,E,24.98892484
q82-v1.4,E,17.312160098
q82-v1.4,E,18.386340305999997
q82-v1.4,E,21.84303082
q82-v1.4,E,16.884503684
q82-v1.4,E,18.273680695
q82-v1.4,E,18.439790594
q82-v1.4,E,16.575549278999997
q82-v1.4,E,18.285112426
q82-v1.4,E,16.706956463999997
q82-v1.4,E,17.303652346
q82-v1.4,E,17.822274908999997
q82-v1.4,E,16.752976653999998
q82-v1.4,E,16.266109076
q82-v1.4,E,17.329288181
q82-v1.4,E,18.035364734
q82-v1.4,E,17.389282822000002
q82-v1.4,F,24.604325878999997
q82-v1.4,F,20.086038139
q82-v1.4,F,23.529608368
q82-v1.4,F,21.490924809
q82-v1.4,F,25.949523158
q82-v1.4,F,23.291924144000003
q82-v1.4,F,22.160497988000003
q82-v1.4,F,21.685255279
q82-v1.4,F,22.895763502
q82-v1.4,F,28.649331514000004
q82-v1.4,F,20.941248896
q82-v1.4,F,32.476367909000004
q82-v1.4,F,23.175840486000002
q82-v1.4,F,26.665358668
q82-v1.4,F,26.111608156000003
q82-v1.4,F,25.140333743000003
q82-v1.4,F,24.966204602
q82-v1.4,F,20.639568080999997
q82-v1.4,F,20.703112841000003
q82-v1.4,F,23.691811845999997
q82-v1.4,F,21.989462878
q82-v1.4,F,27.676363439999996
q82-v1.4,F,21.809094504
q82-v1.4,F,22.992557230000006
q82-v1.4,F,23.752588389999996
q82-v1.4,F,31.461200132000002
q82-v1.4,F,19.533224167
q82-v1.4,F,22.336850644
q82-v1.4,F,20.821954608999995
q82-v1.4,F,21.844978505
q82-v1.4,F,26.389169013
q82-v1.4,F,20.067439810999996
q82-v1.4,F,24.295348190000002
q82-v1.4,F,23.203782314
q82-v1.4,F,25.784825516
q82-v1.4,F,21.946709579
q82-v1.4,F,30.212844282
q82-v1.4,F,30.432410905999998
q82-v1.4,F,21.24836386
q82-v1.4,F,29.705244297
q82-v1.4,F,24.721287206999996
q82-v1.4,F,18.971133611
q82-v1.4,F,23.848327297999997
q82-v1.4,F,22.528900487999998
q82-v1.4,F,26.531407859000005
q82-v1.4,F,26.760082849
q82-v1.4,F,21.708239841999998
q82-v1.4,F,27.880294379000002
q82-v1.4,F,28.89186963
q82-v1.4,F,23.957236423
q82-v1.4,G,29.13253737
q82-v1.4,G,22.750135173000004
q82-v1.4,G,23.55355305
q82-v1.4,G,25.556947698
q82-v1.4,G,24.496061113
q82-v1.4,G,26.684729019000002
q82-v1.4,G,26.279258712999997
q82-v1.4,G,25.572325495
q82-v1.4,G,25.052635689
q82-v1.4,G,26.744613102999995
q82-v1.4,G,25.808770844999998
q82-v1.4,G,26.434562035
q82-v1.4,G,23.717468811000003
q82-v1.4,G,26.669479640000002
q82-v1.4,G,26.761757273000004
q82-v1.4,G,26.274045869000002
q82-v1.4,G,25.584626215000004
q82-v1.4,G,23.660424220000003
q82-v1.4,G,24.878712922
q82-v1.4,G,24.958931524
q82-v1.4,G,25.895010516
q82-v1.4,G,23.951047174
q82-v1.4,G,25.225676077999996
q82-v1.4,G,22.695209897000005
q82-v1.4,G,23.309540385000002
q82-v1.4,G,41.865584753
q82-v1.4,G,26.171445205999998
q82-v1.4,G,24.745503640000003
q82-v1.4,G,25.026469176
q82-v1.4,G,25.861798966000002
q82-v1.4,G,25.421588959
q82-v1.4,G,26.809062776
q82-v1.4,G,26.043080577
q82-v1.4,G,27.746471979000003
q82-v1.4,G,28.646031518
q82-v1.4,G,24.508791932000005
q82-v1.4,G,23.944979402000005
q82-v1.4,G,23.434002112
q82-v1.4,G,24.770685964000002
q82-v1.4,G,34.301872067
q82-v1.4,G,28.270760871000004
q82-v1.4,G,24.521805726
q82-v1.4,G,27.996727336
q82-v1.4,G,24.7356338
q82-v1.4,G,23.959083033
q82-v1.4,G,23.874909759
q82-v1.4,G,28.415369713
q82-v1.4,G,27.868216212000004
q82-v1.4,G,30.42586379
q82-v1.4,G,22.389531330999997
q82-v1.4,H,34.62951502199999
q82-v1.4,H,31.431354531999997
q82-v1.4,H,35.488873741000006
q82-v1.4,H,36.531048255
q82-v1.4,H,36.08877235599999
q82-v1.4,H,31.298221428
q82-v1.4,H,32.585737306
q82-v1.4,H,31.975448919
q82-v1.4,H,31.937889059
q82-v1.4,H,36.471500916
q82-v1.4,H,30.38861122
q82-v1.4,H,34.077259803
q82-v1.4,H,36.183060092999995
q82-v1.4,H,36.883574331000005
q82-v1.4,H,32.009735002
q82-v1.4,H,46.956646142000004
q82-v1.4,H,31.338116784999997
q82-v1.4,H,34.514030086
q82-v1.4,H,33.11794574300001
q82-v1.4,H,30.718235775
q82-v1.4,H,30.961658453
q82-v1.4,H,35.25923998099999
q82-v1.4,H,39.389506728
q82-v1.4,H,32.746925487999995
q82-v1.4,H,28.838711251000003
q82-v1.4,H,30.37658685
q82-v1.4,H,27.382932639
q82-v1.4,H,32.609434414000006
q82-v1.4,H,37.408560304
q82-v1.4,H,34.667842687000004
q82-v1.4,H,31.320445439000004
q82-v1.4,H,39.110012411999996
q82-v1.4,H,34.171113042
q82-v1.4,H,35.862718456999986
q82-v1.4,H,45.570540828999995
q82-v1.4,H,35.949915578
q82-v1.4,H,47.629982971000004
q82-v1.4,H,34.169216846999994
q82-v1.4,H,33.555847436
q82-v1.4,H,31.274546583
q82-v1.4,H,30.748848773000002
q82-v1.4,H,29.102342141
q82-v1.4,H,34.344223981
q82-v1.4,H,33.14080169799999
q82-v1.4,H,29.998490950999997
q82-v1.4,H,35.892498597
q82-v1.4,H,35.924005746000006
q82-v1.4,H,35.183475399
q82-v1.4,H,31.560660888999998
q82-v1.4,H,38.42733914600001
